timestamp,AccX,AccY,AccZ,GyroX,GyroY,GyroZ,MagX,MagY,MagZ,Activity
2019-07-15_181509:660,-0.40063499999999996,-0.009125,-0.308075,-0.034884,0.004771,-0.0017629999999999998,-27.870001000000002,-28.370001000000002,-22.559998999999998,1a
2019-07-15_181509:680,-0.40011599999999997,-0.0035399999999999997,-0.30300900000000003,-0.034731,0.008403,-0.004357,-27.870001000000002,-28.370001000000002,-22.559998999999998,1a
2019-07-15_181509:700,-0.39859,0.0055850000000000006,-0.300476,-0.033999,0.008891,-0.008416,-27.870001000000002,-28.75,-21.370001000000002,1a
2019-07-15_181509:720,-0.401642,0.016753999999999998,-0.296906,-0.032503,0.008495,-0.010796,-27.870001000000002,-28.75,-21.370001000000002,1a
2019-07-15_181509:740,-0.40011599999999997,0.024902,-0.296906,-0.032168,0.007670999999999999,-0.009362,-27.5,-30.370001000000002,-21.370001000000002,1a
2019-07-15_181509:760,-0.418915,0.021851,-0.29995700000000003,-0.030642000000000003,0.006755,-0.0028309999999999997,-27.5,-30.370001000000002,-21.370001000000002,1a
2019-07-15_181509:780,-0.43774399999999997,0.007599,-0.302002,-0.027987,0.007701,-0.000573,-27.5,-30.370001000000002,-21.370001000000002,1a
2019-07-15_181509:800,-0.433655,0.007599,-0.300476,-0.023653,0.010722,-0.004815,-27.059998999999998,-30.68,-20.059998999999998,1a
2019-07-15_181509:820,-0.41485600000000006,0.017273,-0.29232800000000003,-0.017824,0.013744,-0.006768000000000001,-27.059998999999998,-30.68,-20.059998999999998,1a
2019-07-15_181509:840,-0.40976,0.025908999999999998,-0.293854,-0.011720999999999999,0.01411,-0.007286,-27.870001000000002,-31.370001000000002,-19.370001000000002,1a
2019-07-15_181509:860,-0.41586300000000004,0.03302,-0.290283,-0.005953,0.012401,-0.006035,-27.870001000000002,-31.370001000000002,-19.370001000000002,1a
2019-07-15_181509:880,-0.429108,0.025421,-0.28112800000000004,-2e-06,0.012614,-0.004753,-27.870001000000002,-31.370001000000002,-19.370001000000002,1a
2019-07-15_181509:900,-0.452484,0.017792,-0.269958,0.0076879999999999995,0.017100999999999998,-0.003167,-29.059998999999998,-31.370001000000002,-18.18,1a
2019-07-15_181509:920,-0.55365,-0.001007,-0.28064,0.016783000000000003,0.016582,0.002449,-29.059998999999998,-31.370001000000002,-18.18,1a
2019-07-15_181509:940,-0.515533,-0.082855,-0.281647,0.028227,0.008403,0.010933,-29.059998999999998,-31.68,-19.370001000000002,1a
2019-07-15_181509:960,-0.549072,-0.09963999999999999,-0.274017,0.05264099999999999,0.019572,0.002784,-29.059998999999998,-31.68,-19.370001000000002,1a
2019-07-15_181509:980,-0.459595,-0.096069,-0.285217,0.08355499999999999,0.031383,-0.007073,-29.059998999999998,-31.68,-19.370001000000002,1a
2019-07-15_181510:000,-0.40823400000000004,-0.076752,-0.27301,0.116819,0.043193,-0.016564,-29.370001000000002,-31.370001000000002,-20.18,1a
2019-07-15_181510:020,-0.40823400000000004,-0.041168,-0.268951,0.146818,0.048839,-0.022941999999999997,-29.370001000000002,-31.370001000000002,-20.18,1a
2019-07-15_181510:040,-0.433167,-0.01828,-0.272003,0.173033,0.051615999999999995,-0.023613,-30.5,-29.559998999999998,-21.75,1a
2019-07-15_181510:060,-0.500793,0.014221000000000001,-0.282166,0.193754,0.05335499999999999,-0.0252,-30.5,-29.559998999999998,-21.75,1a
2019-07-15_181510:080,-0.489594,0.041168,-0.290802,0.209013,0.055797,-0.029442000000000003,-30.5,-29.559998999999998,-21.75,1a
2019-07-15_181510:100,-0.48043800000000003,0.058960000000000005,-0.276062,0.216398,0.059398,-0.030968,-30.870001000000002,-26.870001000000002,-24.559998999999998,1a
2019-07-15_181510:120,-0.47433500000000006,0.06405599999999999,-0.268951,0.219755,0.060313,-0.030663,-30.870001000000002,-26.870001000000002,-24.559998999999998,1a
2019-07-15_181510:140,-0.462128,0.07928500000000001,-0.2547,0.21883899999999998,0.055888,-0.032524000000000004,-31.18,-22.059998999999998,-27.370001000000002,1a
2019-07-15_181510:160,-0.441284,0.087952,-0.227264,0.2124,0.050089999999999996,-0.031792,-31.18,-22.059998999999998,-27.370001000000002,1a
2019-07-15_181510:180,-0.435699,0.091003,-0.192169,0.20205499999999998,0.045116,-0.028069,-31.18,-22.059998999999998,-27.370001000000002,1a
2019-07-15_181510:200,-0.42401099999999997,0.086426,-0.171844,0.187254,0.042796,-0.026268,-33.369999,-16.870001000000002,-30.18,1a
2019-07-15_181510:220,-0.381805,0.083862,-0.141327,0.17086600000000002,0.042003,-0.02401,-33.369999,-16.870001000000002,-30.18,1a
2019-07-15_181510:240,-0.34875500000000004,0.07421900000000001,-0.12301600000000001,0.155058,0.041148000000000004,-0.021508000000000003,-33.369999,-12.06,-30.75,1a
2019-07-15_181510:260,-0.34368899999999997,0.064545,-0.097595,0.139067,0.03889,-0.019584999999999998,-33.369999,-12.06,-30.75,1a
2019-07-15_181510:280,-0.354858,0.051330999999999995,-0.079803,0.12524200000000002,0.036144,-0.015984,-33.369999,-12.06,-30.75,1a
2019-07-15_181510:300,-0.364014,0.044219999999999995,-0.068115,0.112516,0.034496,-0.012719,-35.25,-8.25,-30.75,1a
2019-07-15_181510:320,-0.388916,0.031006,-0.051849,0.100218,0.033427,-0.010888,-35.25,-8.25,-30.75,1a
2019-07-15_181510:340,-0.40011599999999997,0.023375999999999997,-0.050842,0.08914,0.032909,-0.009484000000000001,-36.5,-4.68,-31.25,1a
2019-07-15_181510:360,-0.414337,0.012177,-0.050323,0.078733,0.032573000000000005,-0.008232,-36.5,-4.68,-31.25,1a
2019-07-15_181510:380,-0.44891400000000004,-0.001495,-0.045745999999999995,0.069578,0.031322,-0.0064930000000000005,-36.5,-4.68,-31.25,1a
2019-07-15_181510:400,-0.507904,-0.013213999999999998,-0.052338,0.06201,0.029001999999999997,-0.006096,-37.68,-2.5,-29.25,1a
2019-07-15_181510:420,-0.523163,-0.020325,-0.054901,0.055966999999999996,0.024608,-0.006768000000000001,-37.68,-2.5,-29.25,1a
2019-07-15_181510:440,-0.547058,-0.027954000000000003,-0.061005,0.051298,0.019359,-0.0078049999999999994,-38.75,-0.18,-30.18,1a
2019-07-15_181510:460,-0.569916,-0.031006,-0.066071,0.048643,0.015513999999999998,-0.008629000000000001,-38.75,-0.18,-30.18,1a
2019-07-15_181510:480,-0.630432,-0.027954000000000003,-0.070648,0.047911,0.013316,-0.010064,-38.75,-0.18,-30.18,1a
2019-07-15_181510:500,-0.641602,-0.020844,-0.07421900000000001,0.048399,0.013072,-0.013938999999999998,-39.5,0.06,-28.18,1a
2019-07-15_181510:520,-0.730591,-0.0055850000000000006,-0.053375,0.048796,0.014506999999999999,-0.018181,-39.5,0.06,-28.18,1a
2019-07-15_181510:540,-0.9014280000000001,0.004547,-0.069122,0.049436,0.019572,-0.021233000000000002,-39.060001,2.06,-27.75,1a
2019-07-15_181510:560,-0.604004,0.019318000000000002,-0.023375999999999997,0.046141,0.024730000000000002,-0.022087,-39.060001,2.06,-27.75,1a
2019-07-15_181510:580,-0.52774,0.014221000000000001,-0.048279,0.041166,0.03709,-0.017509999999999998,-39.060001,2.06,-27.75,1a
2019-07-15_181510:600,-0.356903,-0.020325,-0.076263,0.035185,0.038158,-0.00689,-40.560001,2.5,-26.559998999999998,1a
2019-07-15_181510:620,-0.365021,-0.034546,-0.027435,0.030149000000000002,0.036144,-0.0034409999999999996,-40.560001,2.5,-26.559998999999998,1a
2019-07-15_181510:640,-0.507904,-0.044219999999999995,-0.046752999999999996,0.028288,0.027995,-0.000328,-41.060001,2.56,-25.370001000000002,1a
2019-07-15_181510:660,-0.45043900000000003,-0.062012,-0.028442000000000002,0.023893,0.020030000000000003,0.008674,-41.060001,2.56,-25.370001000000002,1a
2019-07-15_181510:680,-0.467743,-0.067596,-0.033539,0.019773,0.008067,0.015236000000000001,-41.060001,2.56,-25.370001000000002,1a
2019-07-15_181510:700,-0.45654300000000003,-0.07016,-0.039124,0.015591999999999998,-0.0046890000000000005,0.022346,-42.18,4.06,-24.559998999999998,1a
2019-07-15_181510:720,-0.42401099999999997,-0.071167,-0.042694,0.008634000000000001,-0.016163999999999998,0.023353,-42.18,4.06,-24.559998999999998,1a
2019-07-15_181510:740,-0.406738,-0.072174,-0.051849,0.004728,-0.021230000000000002,0.013374,-42.869999,5.5,-24.25,1a
2019-07-15_181510:760,-0.382324,-0.067108,-0.06149299999999999,0.0032020000000000004,-0.022877,0.007698,-42.869999,5.5,-24.25,1a
2019-07-15_181510:780,-0.36706500000000003,-0.06253099999999999,-0.062012,-0.001864,-0.022938,-0.003045,-42.869999,5.5,-24.25,1a
2019-07-15_181510:800,-0.346222,-0.056427,-0.05285599999999999,-0.003939,-0.018422,-0.005547,-41.75,5.5,-26.25,1a
2019-07-15_181510:820,-0.33605999999999997,-0.052338,-0.047272,-0.005129,-0.011585999999999999,-0.006706999999999999,-41.75,5.5,-26.25,1a
2019-07-15_181510:840,-0.328949,-0.045745999999999995,-0.037108999999999996,-0.005068,-0.0045060000000000005,-0.006951000000000001,-41.060001,4.37,-26.25,1a
2019-07-15_181510:860,-0.3396,-0.040649,-0.028961,-0.004671,0.00016299999999999998,-0.00689,-41.060001,4.37,-26.25,1a
2019-07-15_181510:880,-0.392487,-0.041168,-0.024384,-0.00403,0.002788,-0.007012000000000001,-41.060001,4.37,-26.25,1a
2019-07-15_181510:900,-0.41842700000000005,-0.039124,-0.027954000000000003,-0.004,0.005016,-0.008873,-41.0,4.75,-25.370001000000002,1a
2019-07-15_181510:920,-0.441803,-0.034546,-0.018799,-0.004213000000000001,0.007304000000000001,-0.011254,-41.0,4.75,-25.370001000000002,1a
2019-07-15_181510:940,-0.496704,-0.034058,-0.022858,-0.005221,0.00883,-0.011254,-42.060001,4.06,-25.75,1a
2019-07-15_181510:960,-0.591797,-0.031494,-0.031494,-0.0066549999999999995,0.007945,-0.009484000000000001,-42.060001,4.06,-25.75,1a
2019-07-15_181510:980,-0.665009,-0.029968,-0.033539,-0.009309999999999999,0.006541,-0.007164,-42.060001,4.06,-25.75,1a
2019-07-15_181511:000,-0.663483,-0.024902,-0.045745999999999995,-0.013643,0.005351,-0.0032890000000000003,-41.68,3.68,-25.0,1a
2019-07-15_181511:020,-0.630951,-0.026427999999999997,-0.053375,-0.018404,0.004894,0.003975,-41.68,3.68,-25.0,1a
2019-07-15_181511:040,-0.600952,-0.035583,-0.070648,-0.022341,0.007273999999999999,0.012245,-41.68,3.25,-23.370001000000002,1a
2019-07-15_181511:060,-0.736694,-0.054901,-0.040161,-0.025637,0.012248,0.02024,-41.68,3.25,-23.370001000000002,1a
2019-07-15_181511:080,-0.56076,-0.032532,-0.146912,-0.028505000000000003,0.019847,0.032234,-41.68,3.25,-23.370001000000002,1a
2019-07-15_181511:100,-0.426544,-0.041168,-0.038116000000000004,-0.0329,0.039623,0.038031999999999996,-41.75,3.0,-23.370001000000002,1a
2019-07-15_181511:120,-0.5419619999999999,-0.05438200000000001,0.020844,-0.027987,0.047527,0.032234,-41.75,3.0,-23.370001000000002,1a
2019-07-15_181511:140,-0.585693,-0.03302,-0.055908000000000006,-0.023469999999999998,0.045909,0.018837,-42.869999,3.75,-24.0,1a
2019-07-15_181511:160,-0.477386,-0.016266,-0.006072999999999999,-0.022402000000000002,0.032175999999999996,-0.004174000000000001,-42.869999,3.75,-24.0,1a
2019-07-15_181511:180,-0.47943100000000005,-0.001007,-0.026917,-0.02109,0.0071519999999999995,-0.023674,-42.869999,3.75,-24.0,1a
2019-07-15_181511:200,-0.482483,0.015228,-0.048798,-0.021059,-0.016163999999999998,-0.027001,-44.060001,4.5,-20.25,1a
2019-07-15_181511:220,-0.465179,0.017792,-0.051330999999999995,-0.020205,-0.036427,-0.023888,-44.060001,4.5,-20.25,1a
2019-07-15_181511:240,-0.482483,0.021851,-0.072693,-0.018068,-0.046925,-0.016838,-44.060001,2.68,-21.18,1a
2019-07-15_181511:260,-0.466217,0.020844,-0.072174,-0.015047,-0.044514,-0.004235,-44.060001,2.68,-21.18,1a
2019-07-15_181511:280,-0.420959,0.013702,-0.072693,-0.013581999999999999,-0.034627,0.006141,-44.060001,2.68,-21.18,1a
2019-07-15_181511:300,-0.36911,0.004547,-0.071167,-0.014100999999999999,-0.022206,0.014534,-43.0,1.87,-22.68,1a
2019-07-15_181511:320,-0.31723,-0.012695,-0.06149299999999999,-0.01523,-0.010548,0.020424,-43.0,1.87,-22.68,1a
2019-07-15_181511:340,-0.29943800000000004,-0.026917,-0.054901,-0.016817,-0.001759,0.022285,-42.68,1.87,-23.18,1a
2019-07-15_181511:360,-0.29943800000000004,-0.044739,-0.035583,-0.017488999999999998,0.005779,0.023292,-42.68,1.87,-23.18,1a
2019-07-15_181511:380,-0.329437,-0.055908000000000006,-0.020844,-0.017031,0.013011000000000002,0.024147,-42.68,1.87,-23.18,1a
2019-07-15_181511:400,-0.365021,-0.069641,-0.012177,-0.015841,0.017986000000000002,0.024879,-41.75,2.25,-24.25,1a
2019-07-15_181511:420,-0.393494,-0.070648,-0.012177,-0.013704,0.018962,0.024725999999999998,-41.75,2.25,-24.25,1a
2019-07-15_181511:440,-0.445374,-0.067596,-0.013213999999999998,-0.011568,0.01884,0.023475,-41.75,2.68,-23.5,1a
2019-07-15_181511:460,-0.506897,-0.064545,-0.012695,-0.010103000000000001,0.017711,0.021431,-41.75,2.68,-23.5,1a
2019-07-15_181511:480,-0.5983890000000001,-0.06149299999999999,-0.021851,-0.009249,0.016765000000000002,0.017921,-41.75,2.68,-23.5,1a
2019-07-15_181511:500,-0.647217,-0.057434000000000006,-0.012177,-0.010439,0.017253,0.012916,-42.560001,3.68,-23.870001000000002,1a
2019-07-15_181511:520,-0.657898,-0.051330999999999995,-0.038635,-0.011446,0.013866,0.009529000000000001,-42.560001,3.68,-23.870001000000002,1a
2019-07-15_181511:540,-0.604004,-0.053863999999999995,-0.052338,-0.012057,0.008495,0.0038829999999999997,-43.25,4.06,-22.68,1a
2019-07-15_181511:560,-0.566864,-0.06149299999999999,-0.071686,-0.011323999999999999,0.001292,-0.007225,-43.25,4.06,-22.68,1a
2019-07-15_181511:580,0.9984129999999999,-0.086426,-0.006592,-0.009249,0.000346,-0.016166999999999997,-43.25,4.06,-22.68,1a
2019-07-15_181511:600,-0.536377,-0.08590700000000001,-0.090485,-0.008333,0.007823,-0.010551999999999999,-42.18,3.68,-23.18,1a
2019-07-15_181511:620,-0.45095799999999997,-0.075745,-0.006072999999999999,-0.007265000000000001,0.033763,-0.016899,-42.18,3.68,-23.18,1a
2019-07-15_181511:640,-0.5734859999999999,-0.07775900000000001,-0.031494,-0.007448000000000001,0.040935,-0.0023120000000000003,-42.869999,3.37,-22.0,1a
2019-07-15_181511:660,-0.48196400000000006,-0.110321,-0.039124,-0.010256,0.031169,0.02201,-42.869999,3.37,-22.0,1a
2019-07-15_181511:680,-0.416382,-0.132172,-0.06253099999999999,-0.012057,0.005016,0.024482,-42.869999,3.37,-22.0,1a
2019-07-15_181511:700,-0.443329,-0.138794,-0.064545,-0.009798000000000001,-0.023824,0.012672,-43.25,3.25,-21.18,1a
2019-07-15_181511:720,-0.490601,-0.127106,-0.081848,-0.007479,-0.043996,-0.004174000000000001,-43.25,3.25,-21.18,1a
2019-07-15_181511:740,-0.48754899999999995,-0.111847,-0.094055,-0.006807,-0.04778,-0.014397,-42.869999,3.68,-22.0,1a
2019-07-15_181511:760,-0.45806899999999995,-0.103699,-0.098633,-0.004793,-0.039356999999999996,-0.019951,-42.869999,3.68,-22.0,1a
2019-07-15_181511:780,-0.39502,-0.075226,-0.096588,-6.3e-05,-0.025013999999999998,-0.025932999999999998,-42.869999,3.68,-22.0,1a
2019-07-15_181511:800,-0.354858,-0.051849,-0.09301799999999999,0.006986,-0.0118,-0.030570999999999997,-42.18,2.68,-22.0,1a
2019-07-15_181511:820,-0.305542,-0.017273,-0.076752,0.013822,-0.001454,-0.034691,-42.18,2.68,-22.0,1a
2019-07-15_181511:840,-0.311646,0.004059,-0.06253099999999999,0.018461,0.005686999999999999,-0.035759,-42.18,2.25,-25.059998999999998,1a
2019-07-15_181511:860,-0.334015,0.020844,-0.039642000000000004,0.020322999999999997,0.011333,-0.029778,-42.18,2.25,-25.059998999999998,1a
2019-07-15_181511:880,-0.364014,0.023895,-0.019318000000000002,0.019528999999999998,0.01765,-0.021904,-42.18,2.25,-25.059998999999998,1a
2019-07-15_181511:900,-0.376221,0.026917,-0.0035399999999999997,0.016599000000000003,0.023814,-0.014794,-41.75,1.87,-23.870001000000002,1a
2019-07-15_181511:920,-0.402161,0.027435,0.006592,0.012358,0.026469,-0.007836,-41.75,1.87,-23.870001000000002,1a
2019-07-15_181511:940,-0.484009,0.019318000000000002,0.013702,0.006986,0.023875,-0.003655,-42.560001,1.87,-23.5,1a
2019-07-15_181511:960,-0.467743,0.015747,0.006072999999999999,-2e-06,0.019572,-0.0010609999999999999,-42.560001,1.87,-23.5,1a
2019-07-15_181511:980,-0.593811,-0.0025329999999999997,0.036072,-0.006807,0.01646,0.000221,-42.560001,1.87,-23.5,1a
2019-07-15_181512:000,-0.716858,-0.013213999999999998,0.050323,-0.012301000000000001,0.018900999999999998,0.000221,-42.869999,1.5,-22.0,1a
2019-07-15_181512:020,-0.742798,-0.028961,0.027954000000000003,-0.017031,0.024669,-0.001,-42.869999,1.5,-22.0,1a
2019-07-15_181512:040,-0.6507569999999999,-0.026917,0.046752999999999996,-0.020815,0.031444,0.002113,-43.68,1.87,-22.25,1a
2019-07-15_181512:060,-0.645691,-0.03302,0.024902,-0.02109,0.032054,0.007667,-43.68,1.87,-22.25,1a
2019-07-15_181512:080,-0.86734,-0.047272,0.071167,-0.021394999999999997,0.029307999999999997,0.008461,-43.68,1.87,-22.25,1a
2019-07-15_181512:100,-0.531799,-0.035583,-0.021851,-0.021883,0.025127,0.016028999999999998,-43.25,0.75,-20.25,1a
2019-07-15_181512:120,-0.393005,-0.019318000000000002,0.036591000000000005,-0.024447,0.036418,0.024086,-43.25,0.75,-20.25,1a
2019-07-15_181512:140,-0.47943100000000005,0.0,0.018799,-0.020083,0.045665,0.025337000000000002,-44.369999,1.5,-20.0,1a
2019-07-15_181512:160,-0.55011,0.005065999999999999,0.027954000000000003,-0.019594,0.05482000000000001,0.019508,-44.369999,1.5,-20.0,1a
2019-07-15_181512:180,-0.556702,0.013702,0.004547,-0.021547,0.053966,0.0065379999999999995,-44.369999,1.5,-20.0,1a
2019-07-15_181512:200,-0.520111,0.014221000000000001,0.010651,-0.027101999999999998,0.039226,-0.006218,-45.869999,1.87,-18.0,1a
2019-07-15_181512:220,-0.530273,-0.001007,0.013702,-0.031679,0.017833,-0.008873,-45.869999,1.87,-18.0,1a
2019-07-15_181512:240,-0.50943,-0.012695,0.021332,-0.0329,0.0014759999999999999,-0.011681,-46.560001,2.25,-15.56,1a
2019-07-15_181512:260,-0.427063,-0.012177,0.019318000000000002,-0.030489,-0.00829,-0.015587,-46.560001,2.25,-15.56,1a
2019-07-15_181512:280,-0.381805,-0.011687999999999999,0.010651,-0.023867,-0.013722,-0.015465000000000001,-46.560001,2.25,-15.56,1a
2019-07-15_181512:300,-0.290283,-0.007599,-0.004547,-0.017611,-0.017171000000000002,-0.013054,-45.560001,2.25,-16.75,1a
2019-07-15_181512:320,-0.230804,-0.007111,-0.007111,-0.012453,-0.018697,-0.003655,-45.560001,2.25,-16.75,1a
2019-07-15_181512:340,-0.22979699999999997,-0.014740000000000001,-0.004059,-0.008608,-0.018697,0.009925,-45.75,0.0,-16.0,1a
2019-07-15_181512:360,-0.260284,-0.015228,0.001007,-0.007387,-0.015187,0.023018,-45.75,0.0,-16.0,1a
2019-07-15_181512:380,-0.34265100000000004,-0.027954000000000003,0.009125,-0.008394,-0.008351,0.034095,-45.75,0.0,-16.0,1a
2019-07-15_181512:400,-0.37674,-0.038635,0.012695,-0.010653,0.000621,0.041937999999999996,-45.560001,0.75,-17.559998999999998,1a
2019-07-15_181512:420,-0.434174,-0.056427,0.012177,-0.011995,0.007762000000000001,0.045631,-45.560001,0.75,-17.559998999999998,1a
2019-07-15_181512:440,-0.447388,-0.07016,0.001495,-0.011904000000000001,0.012676,0.044319,-46.18,1.5,-17.18,1a
2019-07-15_181512:460,-0.452484,-0.086914,0.001495,-0.010134,0.014385,0.034888999999999996,-46.18,1.5,-17.18,1a
2019-07-15_181512:480,-0.535339,-0.097107,0.015228,-0.007601,0.011852,0.020149,-46.18,1.5,-17.18,1a
2019-07-15_181512:500,-0.67923,-0.108795,0.038116000000000004,-0.006075,0.010204000000000001,0.011665,-46.18,4.06,-16.75,1a
2019-07-15_181512:520,-0.654327,-0.114899,0.010651,-0.005068,0.00941,0.011054999999999999,-46.18,4.06,-16.75,1a
2019-07-15_181512:540,-0.521637,-0.12454200000000001,-0.008118,-0.003878,0.007273999999999999,0.004554,-47.0,3.68,-16.25,1a
2019-07-15_181512:560,-0.554688,-0.133179,-0.007599,-0.000857,0.002361,-0.008965,-47.0,3.68,-16.25,1a
2019-07-15_181512:580,-0.793121,-0.067108,-0.065063,0.002989,0.00703,-0.0187,-47.0,3.68,-16.25,1a
2019-07-15_181512:600,-0.35791,-0.10928299999999999,-0.029968,0.000273,0.015849000000000002,-0.01989,-47.75,4.0,-16.0,1a
2019-07-15_181512:620,-0.690918,-0.0849,0.037108999999999996,-0.006533,0.021678,-0.036766,-47.75,4.0,-16.0,1a
2019-07-15_181512:640,-0.636536,-0.108276,-0.031494,-0.012911,0.012614,-0.000328,-47.0,2.87,-16.25,1a
2019-07-15_181512:660,-0.5541689999999999,-0.187592,-0.016753999999999998,-0.021456,-0.0024920000000000003,0.030037,-47.0,2.87,-16.25,1a
2019-07-15_181512:680,-0.58316,-0.201324,-0.034546,-0.020753999999999998,-0.025929,0.019447,-47.0,2.87,-16.25,1a
2019-07-15_181512:700,-0.562805,-0.174896,-0.044739,-0.016359000000000002,-0.039601,0.002693,-47.0,3.68,-14.37,1a
2019-07-15_181512:720,-0.49111899999999997,-0.146912,-0.051330999999999995,-0.014956,-0.043141000000000006,-0.011925,-47.0,3.68,-14.37,1a
2019-07-15_181512:740,-0.407227,-0.099121,-0.053375,-0.016298,-0.040852,-0.022606,-48.060001,3.25,-16.370001000000002,1a
2019-07-15_181512:760,-0.353333,-0.075745,-0.045745999999999995,-0.017611,-0.034108,-0.026055000000000002,-48.060001,3.25,-16.370001000000002,1a
2019-07-15_181512:780,-0.288269,-0.051330999999999995,-0.043213,-0.018557,-0.025868000000000002,-0.029442000000000003,-48.060001,3.25,-16.370001000000002,1a
2019-07-15_181512:800,-0.261322,-0.038635,-0.039124,-0.018618,-0.018086,-0.034844,-46.560001,1.75,-18.370001000000002,1a
2019-07-15_181512:820,-0.239441,-0.022858,-0.033539,-0.017275,-0.011067,-0.037682,-46.560001,1.75,-18.370001000000002,1a
2019-07-15_181512:840,-0.22421300000000002,-0.020844,-0.029968,-0.014894999999999999,-0.005299,-0.039879000000000005,-46.560001,-0.06,-18.370001000000002,1a
2019-07-15_181512:860,-0.248596,-0.019806,-0.019806,-0.012118,-0.001057,-0.044274,-46.560001,-0.06,-18.370001000000002,1a
2019-07-15_181512:880,-0.285706,-0.021332,-0.011687999999999999,-0.008791,0.0029100000000000003,-0.043999,-46.560001,-0.06,-18.370001000000002,1a
2019-07-15_181512:900,-0.349792,-0.021851,-0.002014,-0.0051600000000000005,0.006572,-0.036614,-46.560001,-0.75,-19.559998999999998,1a
2019-07-15_181512:920,-0.42807,-0.020325,0.0025329999999999997,-0.0015890000000000001,0.012279,-0.027214,-46.560001,-0.75,-19.559998999999998,1a
2019-07-15_181512:940,-0.5343319999999999,-0.010162000000000001,-0.012695,-0.000185,0.014537000000000001,-0.02163,-47.25,-3.37,-19.18,1a
2019-07-15_181512:960,-0.5658569999999999,-0.009644,-0.027954000000000003,-0.002321,0.0106,-0.013328999999999999,-47.25,-3.37,-19.18,1a
2019-07-15_181512:980,-0.65332,-0.01828,-0.028961,-0.005007,0.005016,-0.002098,-47.25,-3.37,-19.18,1a
2019-07-15_181513:000,-0.636017,-0.022369,-0.026427999999999997,-0.009309999999999999,0.0035810000000000004,0.010933,-47.25,-3.68,-19.18,1a
2019-07-15_181513:020,-0.657379,-0.059479,-0.030487,-0.01166,0.005901,0.023018,-47.25,-3.68,-19.18,1a
2019-07-15_181513:040,-0.851593,-0.083862,0.027954000000000003,-0.008912999999999999,0.011729,0.023688999999999998,-48.0,-4.06,-19.5,1a
2019-07-15_181513:060,-0.508911,-0.118958,-0.12353499999999999,-0.0048850000000000005,0.00352,0.02201,-48.0,-4.06,-19.5,1a
2019-07-15_181513:080,-0.46823100000000006,-0.11386099999999999,-0.054901,0.003721,0.020243999999999998,0.008674,-48.0,-4.06,-19.5,1a
2019-07-15_181513:100,-0.6212770000000001,-0.112854,-0.077271,0.029142,0.017162,-0.004967,-48.0,-3.25,-19.18,1a
2019-07-15_181513:120,-0.579071,-0.057434000000000006,-0.121002,0.048796,0.007213,-0.025475,-48.0,-3.25,-19.18,1a
2019-07-15_181513:140,-0.546539,-0.013702,-0.11233499999999999,0.065916,-0.01125,-0.046776,-48.75,-3.56,-18.75,1a
2019-07-15_181513:160,-0.6222840000000001,0.0055850000000000006,-0.148956,0.074156,-0.031972,-0.046776,-48.75,-3.56,-18.75,1a
2019-07-15_181513:180,-0.564331,-0.0025329999999999997,-0.147949,0.079374,-0.037068000000000004,-0.026787000000000002,-48.75,-3.56,-18.75,1a
2019-07-15_181513:200,-0.522644,-0.023895,-0.129639,0.08355499999999999,-0.028064999999999996,-0.010856999999999999,-47.25,-3.0,-18.25,1a
2019-07-15_181513:220,-0.489594,-0.050323,-0.132172,0.091673,-0.015125999999999999,-0.003655,-47.25,-3.0,-18.25,1a
2019-07-15_181513:240,-0.42248500000000005,-0.094055,-0.127594,0.102018,-0.0032240000000000003,-0.003655,-47.25,-3.25,-20.68,1a
2019-07-15_181513:260,-0.404694,-0.110321,-0.11795,0.11501900000000001,0.006145,-0.0064930000000000005,-47.25,-3.25,-20.68,1a
2019-07-15_181513:280,-0.401123,-0.134705,-0.09811399999999999,0.129301,0.014049,-0.004692,-47.25,-3.25,-20.68,1a
2019-07-15_181513:300,-0.399597,-0.145386,-0.09454299999999999,0.14636,0.021769999999999998,-0.002648,-48.0,-1.06,-22.68,1a
2019-07-15_181513:320,-0.308594,-0.145905,-0.10928299999999999,0.167448,0.028208999999999998,-0.008019,-48.0,-1.06,-22.68,1a
2019-07-15_181513:340,-0.282654,-0.139282,-0.11233499999999999,0.188383,0.030254000000000003,-0.014458000000000002,-48.369999,1.18,-22.25,1a
2019-07-15_181513:360,-0.29995700000000003,-0.103699,-0.141327,0.208891,0.02653,-0.020287,-48.369999,1.18,-22.25,1a
2019-07-15_181513:380,-0.316742,-0.078278,-0.158112,0.22488200000000003,0.020427,-0.025475,-48.369999,1.18,-22.25,1a
2019-07-15_181513:400,-0.29943800000000004,-0.050323,-0.169281,0.23544099999999998,0.015178,-0.023949,-47.68,4.0,-19.5,1a
2019-07-15_181513:420,-0.338593,-0.039642000000000004,-0.166229,0.24029299999999998,0.013713,-0.020623,-47.68,4.0,-19.5,1a
2019-07-15_181513:440,-0.397064,-0.030487,-0.14743,0.24059899999999998,0.019816999999999998,-0.019249000000000002,-48.75,8.06,-18.75,1a
2019-07-15_181513:460,-0.517059,-0.035583,-0.100647,0.23675300000000002,0.030527999999999996,-0.020836,-48.75,8.06,-18.75,1a
2019-07-15_181513:480,-0.622803,-0.053375,-0.121002,0.232237,0.03651,-0.0234,-48.75,8.06,-18.75,1a
2019-07-15_181513:500,-0.710266,-0.066589,-0.078796,0.22476,0.033855,-0.021416,-50.369999,10.68,-15.68,1a
2019-07-15_181513:520,-0.695496,-0.065582,-0.09201000000000001,0.21438400000000002,0.024211,-0.012322,-50.369999,10.68,-15.68,1a
2019-07-15_181513:540,-0.692963,-0.0737,-0.068634,0.19805699999999998,0.021556,-0.005303,-49.25,12.37,-11.68,1a
2019-07-15_181513:560,-0.738708,-0.14032,-0.030487,0.17993,0.023814,-0.0078049999999999994,-49.25,12.37,-11.68,1a
2019-07-15_181513:580,-0.665009,-0.170319,-0.035065,0.167448,0.022959999999999998,-0.010003,-49.25,12.37,-11.68,1a
2019-07-15_181513:600,-0.5922850000000001,-0.189117,-0.056915,0.159025,0.013590999999999999,-0.006096,-50.75,14.18,-8.56,1a
2019-07-15_181513:620,-0.5556949999999999,-0.212006,-0.077271,0.15517999999999998,-0.0005690000000000001,0.007087,-50.75,14.18,-8.56,1a
2019-07-15_181513:640,-0.538391,-0.22216799999999998,-0.084381,0.152799,-0.01006,0.012672,-51.060001,14.5,-6.56,1a
2019-07-15_181513:660,-0.484009,-0.226746,-0.08743300000000001,0.15218900000000002,-0.008015000000000001,0.010017,-51.060001,14.5,-6.56,1a
2019-07-15_181513:680,-0.389435,-0.207916,-0.090485,0.15218900000000002,0.001353,0.007606,-51.060001,14.5,-6.56,1a
2019-07-15_181513:700,-0.37265,-0.20385699999999998,-0.09201000000000001,0.15246400000000002,0.010265,0.006874,-50.0,14.68,-4.56,1a
2019-07-15_181513:720,-0.347229,-0.19622799999999999,-0.087952,0.154905,0.015392,0.002845,-50.0,14.68,-4.56,1a
2019-07-15_181513:740,-0.330963,-0.18454,-0.086914,0.157652,0.016794999999999997,-0.000908,-49.25,15.37,-2.06,1a
2019-07-15_181513:760,-0.319275,-0.18454,-0.084381,0.16256500000000002,0.01646,0.001228,-49.25,15.37,-2.06,1a
2019-07-15_181513:780,-0.355896,-0.208954,-0.07928500000000001,0.171049,0.014781,0.005104,-49.25,15.37,-2.06,1a
2019-07-15_181513:800,-0.417908,-0.23995999999999998,-0.07775900000000001,0.186369,0.016765000000000002,0.000496,-49.560001,15.75,2.0,1a
2019-07-15_181513:820,-0.494171,-0.23590100000000003,-0.07775900000000001,0.20721199999999998,0.022472,-0.00689,-49.560001,15.75,2.0,1a
2019-07-15_181513:840,-0.508911,-0.192169,-0.088959,0.22765900000000003,0.029124,-0.005242,-50.0,15.37,4.56,1a
2019-07-15_181513:860,-0.529266,-0.162689,-0.086426,0.24252100000000001,0.032237,0.002754,-50.0,15.37,4.56,1a
2019-07-15_181513:880,-0.567383,-0.099121,-0.086426,0.251371,0.032298,0.010719,-50.0,15.37,4.56,1a
2019-07-15_181513:900,-0.5572199999999999,-0.058441,-0.084381,0.252287,0.028513999999999998,0.016028999999999998,-49.25,13.18,7.75,1a
2019-07-15_181513:920,-0.5205989999999999,0.010162000000000001,-0.084381,0.24526799999999999,0.020243999999999998,0.01902,-49.25,13.18,7.75,1a
2019-07-15_181513:940,-0.531799,0.056427,-0.075745,0.21883899999999998,0.009470999999999999,0.02375,-48.5,10.06,10.68,1a
2019-07-15_181513:960,-0.618225,0.11438,-0.035065,0.206083,0.009073999999999999,0.024725999999999998,-48.5,10.06,10.68,1a
2019-07-15_181513:980,-0.611603,0.12506099999999998,-0.035065,0.177214,0.014506999999999999,0.020087999999999998,-48.5,10.06,10.68,1a
2019-07-15_181514:000,-0.453003,0.13269,-0.024902,0.142851,0.025462000000000002,0.016365,-49.18,7.87,15.56,1a
2019-07-15_181514:020,-0.45196499999999995,0.117432,0.004059,0.101225,0.035045,0.018837,-49.18,7.87,15.56,1a
2019-07-15_181514:040,-0.599426,0.08081100000000001,0.028442000000000002,0.082121,0.035442,-0.0009689999999999999,-48.75,6.0,16.370001000000002,1a
2019-07-15_181514:060,-0.6238100000000001,0.067108,0.049805,0.06625199999999999,0.03477,-0.011681,-48.75,6.0,16.370001000000002,1a
2019-07-15_181514:080,-0.594849,0.056427,0.064545,0.05496,0.030527999999999996,0.001655,-48.75,6.0,16.370001000000002,1a
2019-07-15_181514:100,-0.557739,0.032532,0.058441,0.047331,0.021037,0.012001000000000001,-47.18,4.87,18.5,1a
2019-07-15_181514:120,-0.530792,0.009644,0.048798,0.045805,0.009593,0.017768,-47.18,4.87,18.5,1a
2019-07-15_181514:140,-0.516022,-0.001495,0.047791,0.049069999999999996,0.00022400000000000002,0.021034,-47.18,3.37,20.18,1a
2019-07-15_181514:160,-0.459595,-0.0025329999999999997,0.043213,0.049192,-0.0039570000000000004,0.019233,-47.18,3.37,20.18,1a
2019-07-15_181514:180,-0.417389,0.0055850000000000006,0.044219999999999995,0.046995,-0.0033159999999999995,0.022224,-47.18,3.37,20.18,1a
2019-07-15_181514:200,-0.367584,0.012695,0.045745999999999995,0.044676,-0.002034,0.024482,-46.0,3.75,19.370001000000002,1a
2019-07-15_181514:220,-0.350281,0.015228,0.053375,0.033323,0.005351,0.027992000000000003,-46.0,3.75,19.370001000000002,1a
2019-07-15_181514:240,-0.31723,0.011169,0.048279,0.029264,0.00822,0.028663,-46.0,3.06,20.68,1a
2019-07-15_181514:260,-0.28775,0.0035399999999999997,0.051330999999999995,0.0184,0.013590999999999999,0.030922,-46.0,3.06,20.68,1a
2019-07-15_181514:280,-0.316223,-0.005065999999999999,0.05285599999999999,0.014128,0.013193999999999999,0.027931,-46.0,3.06,20.68,1a
2019-07-15_181514:300,-0.355896,-0.009125,0.054901,0.012297,0.012401,0.025154,-46.0,3.37,19.5,1a
2019-07-15_181514:320,-0.409271,-0.004547,0.063019,0.00604,0.009349,0.022224,-46.0,3.37,19.5,1a
2019-07-15_181514:340,-0.45095799999999997,0.0,0.071167,0.002653,0.008678,0.023811000000000002,-45.5,4.87,21.5,1a
2019-07-15_181514:360,-0.547546,-0.011169,0.08996599999999999,-0.008608,0.010417000000000001,0.029518,-45.5,4.87,21.5,1a
2019-07-15_181514:380,-0.627899,-0.027435,0.108276,-0.015047,0.013377000000000002,0.027137,-45.5,4.87,21.5,1a
2019-07-15_181514:400,-0.684326,-0.057953,0.106232,-0.019228,0.012065000000000001,0.020942,-45.18,4.18,21.059998999999998,1a
2019-07-15_181514:420,-0.645691,-0.067108,0.099121,-0.021731,0.00471,0.015387999999999999,-45.18,4.18,21.059998999999998,1a
2019-07-15_181514:440,-0.626862,-0.08743300000000001,0.085388,-0.02167,-0.005635,0.009803000000000001,-44.68,5.68,23.18,1a
2019-07-15_181514:460,-0.648224,-0.111847,0.083862,-0.018221,-0.013112,-0.000725,-44.68,5.68,23.18,1a
2019-07-15_181514:480,-0.653809,-0.12149000000000001,0.040649,-0.013581999999999999,-0.010487,-0.015709,-44.68,5.68,23.18,1a
2019-07-15_181514:500,-0.40570100000000003,-0.108795,0.046265,-0.014437,-0.006825,-0.022545,-44.68,7.18,21.559998999999998,1a
2019-07-15_181514:520,-0.42453,-0.10116599999999999,0.07421900000000001,-0.015749000000000003,0.00471,-0.020378,-44.68,7.18,21.559998999999998,1a
2019-07-15_181514:540,-0.611115,-0.10775799999999999,0.068634,-0.018801,0.009134999999999999,-0.013604,-44.68,6.37,21.18,1a
2019-07-15_181514:560,-0.597382,-0.12149000000000001,0.059479,-0.029176999999999998,0.009288,0.010353,-44.68,6.37,21.18,1a
2019-07-15_181514:580,-0.522644,-0.14386,0.038635,-0.032625,-0.00475,0.013252000000000002,-44.68,6.37,21.18,1a
2019-07-15_181514:600,-0.48349,-0.164703,0.020844,-0.033358,-0.013203,0.010719,-43.869999,5.68,20.370001000000002,1a
2019-07-15_181514:620,-0.475861,-0.155548,0.017273,-0.032076,-0.028858999999999996,0.000129,-43.869999,5.68,20.370001000000002,1a
2019-07-15_181514:640,-0.411285,-0.141846,0.015747,-0.031038,-0.029835000000000004,-0.007012000000000001,-43.75,7.18,20.370001000000002,1a
2019-07-15_181514:660,-0.35943600000000003,-0.119476,0.009125,-0.027315,-0.025532,-0.023339,-43.75,7.18,20.370001000000002,1a
2019-07-15_181514:680,-0.28112800000000004,-0.09353600000000001,0.0035399999999999997,-0.023409,-0.019826,-0.026146,-43.75,7.18,20.370001000000002,1a
2019-07-15_181514:700,-0.2547,-0.081848,0.004059,-0.021883,-0.016590999999999998,-0.028007999999999998,-44.560001,7.18,19.559998999999998,1a
2019-07-15_181514:720,-0.265381,-0.06253099999999999,0.009644,-0.016543000000000002,-0.006154,-0.030601999999999997,-44.560001,7.18,19.559998999999998,1a
2019-07-15_181514:740,-0.277069,-0.049316000000000006,0.015747,-0.014559,-0.002187,-0.030114,-44.560001,6.75,18.0,1a
2019-07-15_181514:760,-0.300964,-0.031006,0.023375999999999997,-0.009401000000000001,0.005901,-0.031577999999999995,-44.560001,6.75,18.0,1a
2019-07-15_181514:780,-0.354858,-0.026427999999999997,0.036072,-0.007937,0.008739,-0.029778,-44.560001,6.75,18.0,1a
2019-07-15_181514:800,-0.44384799999999996,-0.014740000000000001,0.045226999999999996,-0.007479,0.009746,-0.026787000000000002,-45.25,5.25,18.0,1a
2019-07-15_181514:820,-0.447906,-0.009644,0.046265,-0.008578,0.010661,-0.015068000000000002,-45.25,5.25,18.0,1a
2019-07-15_181514:840,-0.544006,-0.006592,0.066589,-0.009249,0.010265,-0.012993000000000001,-45.25,5.25,18.0,1a
2019-07-15_181514:860,-0.624329,-0.0030210000000000002,0.068634,-0.013888,0.010204000000000001,-0.005089,-45.369999,4.18,17.559998999999998,1a
2019-07-15_181514:880,-0.742798,-0.0035399999999999997,0.08996599999999999,-0.017946,0.011791,0.001045,-45.369999,4.18,17.559998999999998,1a
2019-07-15_181514:900,-0.73822,-0.006592,0.07421900000000001,-0.019625,0.012737,0.002784,-45.060001,4.18,18.0,1a
2019-07-15_181514:920,-0.6507569999999999,-0.008636,0.071686,-0.023592,0.011729,0.005287,-45.060001,4.18,18.0,1a
2019-07-15_181514:940,-0.649231,-0.007111,0.06253099999999999,-0.024447,0.009531999999999999,0.008612999999999999,-44.25,4.18,19.18,1a
2019-07-15_181514:960,-0.88974,-0.014221000000000001,0.069122,-0.029574,0.0052899999999999996,0.022803999999999998,-44.25,4.18,19.18,1a
2019-07-15_181514:980,-0.473846,-0.010162000000000001,-0.010162000000000001,-0.033297,0.003124,0.037819,-44.25,4.18,19.18,1a
2019-07-15_181515:000,-0.274017,-0.023895,0.036591000000000005,-0.030825,-0.000233,0.038551,-44.25,4.87,18.75,1a
2019-07-15_181515:020,-0.52774,-0.031006,0.049316000000000006,-0.020876,-0.004109000000000001,0.01902,-44.25,4.87,18.75,1a
2019-07-15_181515:040,-0.654846,-0.012177,0.018799,-0.018404,-0.002888,0.012855000000000002,-44.25,4.87,18.75,1a
2019-07-15_181515:060,-0.612122,-0.009125,0.037598,-0.012362,-0.010334999999999999,-0.015191,-43.560001,6.0,19.18,1a
2019-07-15_181515:080,-0.552124,0.010162000000000001,-0.004547,-0.011629,-0.021565,-0.022606,-43.560001,6.0,19.18,1a
2019-07-15_181515:100,-0.49111899999999997,0.007111,-0.016753999999999998,-0.010256,-0.027943,-0.019829,-43.18,7.87,18.0,1a
2019-07-15_181515:120,-0.416382,-0.015228,-0.025908999999999998,-0.00165,-0.038197,-0.015648,-43.18,7.87,18.0,1a
2019-07-15_181515:140,-0.374695,-0.020844,-0.032532,0.0041789999999999996,-0.037221,-0.015648,-43.18,7.87,18.0,1a
2019-07-15_181515:160,-0.313171,-0.027435,-0.034058,0.023374000000000002,-0.027180000000000003,-0.00869,-43.869999,6.37,18.370001000000002,1a
2019-07-15_181515:180,-0.271484,-0.026917,-0.037598,0.033262,-0.018697,0.000648,-43.869999,6.37,18.370001000000002,1a
2019-07-15_181515:200,-0.25317399999999995,-0.027954000000000003,-0.033539,0.03729,-0.014638,0.00663,-43.869999,5.68,15.56,1a
2019-07-15_181515:220,-0.263336,-0.035065,-0.025908999999999998,0.043363,-0.0070079999999999995,0.017555,-43.869999,5.68,15.56,1a
2019-07-15_181515:240,-0.306061,-0.035065,-0.012695,0.048001999999999996,0.000407,0.02375,-43.869999,5.68,15.56,1a
2019-07-15_181515:260,-0.341125,-0.035583,0.002014,0.050962,0.0069689999999999995,0.027137,-44.68,5.25,15.25,1a
2019-07-15_181515:280,-0.404694,-0.032013,0.009644,0.051512,0.015575,0.022682,-44.68,5.25,15.25,1a
2019-07-15_181515:300,-0.466217,-0.023375999999999997,0.004059,0.049589,0.017558,0.021431,-45.369999,5.68,16.0,1a
2019-07-15_181515:320,-0.515533,-0.023895,0.005065999999999999,0.04373,0.01765,0.017768,-45.369999,5.68,16.0,1a
2019-07-15_181515:340,-0.583649,-0.027954000000000003,0.007111,0.041960000000000004,0.015727,0.01258,-45.369999,5.68,16.0,1a
2019-07-15_181515:360,-0.693481,-0.023895,0.034546,0.036253,0.011668000000000001,-0.004845,-44.25,5.68,16.5,1a
2019-07-15_181515:380,-0.6899109999999999,-0.014221000000000001,0.007111,0.035246,0.010417000000000001,-0.00747,-44.25,5.68,16.5,1a
2019-07-15_181515:400,-0.6446529999999999,-0.010162000000000001,0.012177,0.032194,0.008098000000000001,-0.014580000000000001,-44.25,5.68,18.0,1a
2019-07-15_181515:420,-0.952759,-0.011687999999999999,0.083374,0.028807,0.004222,-0.021904,-44.25,5.68,18.0,1a
2019-07-15_181515:440,-0.801758,0.002014,-0.043213,0.027951999999999998,0.008067,-0.024529,-44.25,5.68,18.0,1a
2019-07-15_181515:460,-0.379272,-0.014221000000000001,0.01828,0.021696,0.016521,-0.029258999999999997,-44.25,4.5,17.559998999999998,1a
2019-07-15_181515:480,-0.494171,-0.010651,0.05996699999999999,0.01547,0.022472,-0.021508000000000003,-44.25,4.5,17.559998999999998,1a
2019-07-15_181515:500,-0.6828,-0.050842,0.016266,0.010159999999999999,0.023631,0.009468,-43.560001,3.75,18.0,1a
2019-07-15_181515:520,-0.574493,-0.062012,-0.004547,5.9e-05,0.015666,0.027198000000000003,-43.560001,3.75,18.0,1a
2019-07-15_181515:540,-0.45095799999999997,-0.065582,-0.024384,-0.006684999999999999,-0.007741,0.039863,-43.560001,3.75,18.0,1a
2019-07-15_181515:560,-0.478912,-0.068115,-0.036591000000000005,-0.009249,-0.033253,0.037696,-43.18,3.06,19.18,1a
2019-07-15_181515:580,-0.447388,-0.042694,-0.029480000000000003,-0.019198,-0.046437,0.024756999999999998,-43.18,3.06,19.18,1a
2019-07-15_181515:600,-0.399597,-0.045745999999999995,-0.038116000000000004,-0.026795999999999997,-0.047169,0.021736000000000002,-43.869999,3.75,18.370001000000002,1a
2019-07-15_181515:620,-0.321808,-0.042694,-0.055908000000000006,-0.033419,-0.042744,0.014044999999999998,-43.869999,3.75,18.370001000000002,1a
2019-07-15_181515:640,-0.272003,-0.035065,-0.063538,-0.036257,-0.037739999999999996,0.0043100000000000005,-43.869999,3.75,18.370001000000002,1a
2019-07-15_181515:660,-0.25012199999999996,-0.023895,-0.063019,-0.035128,-0.032704000000000004,-0.003563,-44.25,5.68,15.56,1a
2019-07-15_181515:680,-0.275055,-0.015228,-0.058441,-0.033083,-0.025655,-0.011681,-44.25,5.68,15.56,1a
2019-07-15_181515:700,-0.322845,-0.008118,-0.047791,-0.029695999999999997,-0.017322999999999998,-0.018181,-44.25,6.0,14.75,1a
2019-07-15_181515:720,-0.334015,-0.0030210000000000002,-0.040649,-0.026644,-0.007954000000000001,-0.022149000000000002,-44.25,6.0,14.75,1a
2019-07-15_181515:740,-0.369598,-0.001007,-0.020844,-0.025057,0.001415,-0.021691,-44.25,6.0,14.75,1a
2019-07-15_181515:760,-0.433655,-0.0055850000000000006,-0.010162000000000001,-0.023928,0.008952,-0.017174000000000002,-45.369999,5.68,14.0,1a
2019-07-15_181515:780,-0.47180200000000005,-0.0055850000000000006,-0.018799,-0.024782,0.014719999999999999,-0.01278,-45.369999,5.68,14.0,1a
2019-07-15_181515:800,-0.529755,-0.013702,0.000488,-0.027926,0.017711,-0.007225,-46.060001,5.68,13.25,1a
2019-07-15_181515:820,-0.62738,-0.028442000000000002,-0.001495,-0.030764,0.018108000000000003,-0.0019760000000000003,-46.060001,5.68,13.25,1a
2019-07-15_181515:840,-0.7011109999999999,-0.044219999999999995,0.015747,-0.034333999999999996,0.019176,0.002235,-46.060001,5.68,13.25,1a
2019-07-15_181515:860,-0.657898,-0.05285599999999999,-0.014221000000000001,-0.037264,0.020427,0.0058969999999999995,-45.75,4.87,14.0,1a
2019-07-15_181515:880,-0.591797,-0.058441,-0.016266,-0.040041,0.020152,0.010322,-45.75,4.87,14.0,1a
2019-07-15_181515:900,0.938416,-0.078278,0.07421900000000001,-0.040835,0.019022999999999998,0.013771,-45.75,5.68,14.0,1a
2019-07-15_181515:920,-0.654846,-0.058441,-0.094055,-0.040438,0.020213,0.022224,-45.75,5.68,14.0,1a
2019-07-15_181515:940,-0.338074,-0.044219999999999995,-0.0025329999999999997,-0.045626,0.028911000000000003,0.02433,-45.75,5.68,14.0,1a
2019-07-15_181515:960,-0.5119630000000001,-0.019806,0.020325,-0.039522,0.028606,0.015571000000000002,-44.25,7.18,15.56,1a
2019-07-15_181515:980,-0.6161800000000001,0.020844,-0.08081100000000001,-0.034151,0.019298,-0.001183,-44.25,7.18,15.56,1a
2019-07-15_181516:000,-0.515533,0.036591000000000005,-0.043213,-0.040376999999999996,0.00016299999999999998,-0.019249000000000002,-44.25,8.68,16.0,1a
2019-07-15_181516:020,-0.563812,0.048279,-0.068634,-0.047365,-0.028462,-0.025596999999999998,-44.25,8.68,16.0,1a
2019-07-15_181516:040,-0.592804,0.031006,-0.081329,-0.055269000000000006,-0.049214,-0.011681,-44.25,8.68,16.0,1a
2019-07-15_181516:060,-0.528229,-0.013702,-0.07928500000000001,-0.058290999999999996,-0.052998,-0.001702,-45.060001,8.25,16.0,1a
2019-07-15_181516:080,-0.470276,-0.021332,-0.077271,-0.053011,-0.04305,-0.0011220000000000002,-45.060001,8.25,16.0,1a
2019-07-15_181516:100,-0.359955,-0.031494,-0.075226,-0.043032,-0.027058,-0.0010609999999999999,-44.68,9.75,12.75,1a
2019-07-15_181516:120,-0.282654,-0.030487,-0.0737,-0.033022,-0.012318,-0.001854,-44.68,9.75,12.75,1a
2019-07-15_181516:140,-0.228271,-0.03302,-0.051849,-0.025727999999999997,-0.001698,-0.000328,-44.68,9.75,12.75,1a
2019-07-15_181516:160,-0.23590100000000003,-0.041168,-0.037598,-0.019288999999999997,0.005748,0.003639,-46.869999,10.18,12.75,1a
2019-07-15_181516:180,-0.257751,-0.053863999999999995,-0.010651,-0.014559,0.013590999999999999,0.008278,-46.869999,10.18,12.75,1a
2019-07-15_181516:200,-0.28979499999999997,-0.065582,-0.0035399999999999997,-0.009066,0.018290999999999998,0.012611,-45.75,9.37,11.56,1a
2019-07-15_181516:220,-0.37316900000000003,-0.083862,0.017273,-0.002993,0.022165999999999998,0.01432,-45.75,9.37,11.56,1a
2019-07-15_181516:240,-0.394012,-0.084381,0.004059,0.004911,0.023021,0.013800999999999999,-45.75,9.37,11.56,1a
2019-07-15_181516:260,-0.44232200000000005,-0.074738,0.010651,0.012631999999999999,0.022685,0.014106,-46.5,11.18,12.75,1a
2019-07-15_181516:280,-0.528229,-0.068634,0.0055850000000000006,0.020902,0.019115,0.010261,-46.5,11.18,12.75,1a
2019-07-15_181516:300,-0.591278,-0.058960000000000005,-0.020325,0.027676999999999997,0.013805000000000001,-0.001,-45.25,10.75,12.75,1a
2019-07-15_181516:320,-0.699585,-0.046265,0.011687999999999999,0.032133,0.009470999999999999,-0.011071,-45.25,10.75,12.75,1a
2019-07-15_181516:340,-0.609589,-0.031006,-0.057953,0.035581,0.002055,-0.013999999999999999,-45.25,10.75,12.75,1a
2019-07-15_181516:360,-0.551117,-0.024384,-0.062012,0.036527,-0.0052380000000000005,-0.024559,-45.25,11.18,15.25,1a
2019-07-15_181516:380,0.9089360000000001,0.010162000000000001,-0.067108,0.037901,-0.009328,-0.035363,-45.25,11.18,15.25,1a
2019-07-15_181516:400,-0.5429689999999999,-0.023895,-0.135223,0.035977999999999996,-0.008076,-0.029656000000000002,-46.060001,10.5,14.5,1a
2019-07-15_181516:420,-0.549072,-0.012695,0.019318000000000002,0.027159,0.015116999999999998,-0.033898000000000005,-46.060001,10.5,14.5,1a
2019-07-15_181516:440,-0.676697,-0.01828,-0.083374,0.023832,0.011791,-0.010674,-46.060001,10.5,14.5,1a
2019-07-15_181516:460,-0.5348510000000001,-0.049316000000000006,-0.079803,0.015196000000000001,0.001994,0.021675,-46.060001,7.5,15.56,1a
2019-07-15_181516:480,-0.525696,-0.05996699999999999,-0.082855,0.007047,-0.019826,0.034888999999999996,-46.060001,7.5,15.56,1a
2019-07-15_181516:500,-0.533844,-0.07775900000000001,-0.097595,0.005461,-0.03835,0.039557999999999996,-45.75,7.18,16.0,1a
2019-07-15_181516:520,-0.48300200000000004,-0.072174,-0.086426,0.000212,-0.04485,0.030311,-45.75,7.18,16.0,1a
2019-07-15_181516:540,-0.38739,-0.056915,-0.082855,-0.006075,-0.042744,0.022102,-45.75,7.18,16.0,1a
2019-07-15_181516:560,-0.328949,-0.056915,-0.078278,-0.012057,-0.035237,0.020576,-45.369999,8.25,16.0,1a
2019-07-15_181516:580,-0.277069,-0.057434000000000006,-0.067108,-0.015902,-0.026448000000000003,0.014044999999999998,-45.369999,8.25,16.0,1a
2019-07-15_181516:600,-0.267426,-0.05285599999999999,-0.058960000000000005,-0.017611,-0.016499,0.005684000000000001,-45.68,9.37,13.25,1a
2019-07-15_181516:620,-0.256226,-0.049805,-0.043213,-0.016176,-0.006612000000000001,-0.0019149999999999998,-45.68,9.37,13.25,1a
2019-07-15_181516:640,-0.278595,-0.041168,-0.041687,-0.013918,0.002361,-0.01278,-45.68,9.37,13.25,1a
2019-07-15_181516:660,-0.278107,-0.034058,-0.045226999999999996,-0.010927,0.007945,-0.021416,-47.18,10.18,13.25,1a
2019-07-15_181516:680,-0.36349499999999996,-0.019318000000000002,-0.037108999999999996,-0.008516,0.009226999999999999,-0.027123,-47.18,10.18,13.25,1a
2019-07-15_181516:700,-0.429108,-0.0025329999999999997,-0.051330999999999995,-0.009127,0.007945,-0.026329,-47.5,10.18,12.75,1a
2019-07-15_181516:720,-0.44638100000000003,0.020844,-0.042694,-0.012636,0.009349,-0.019036,-47.5,10.18,12.75,1a
2019-07-15_181516:740,-0.558228,0.035583,-0.043213,-0.021151,0.011791,-0.014397,-47.5,10.18,12.75,1a
2019-07-15_181516:760,-0.66806,0.049316000000000006,-0.060486,-0.033297,0.013652000000000001,-0.0078049999999999994,-46.75,9.0,13.25,1a
2019-07-15_181516:780,-0.6873779999999999,0.051330999999999995,-0.061005,-0.050814,0.015392,0.00132,-46.75,9.0,13.25,1a
2019-07-15_181516:800,-0.567383,0.055908000000000006,-0.099121,-0.07080299999999999,0.011058,0.00962,-46.25,8.68,13.56,1a
2019-07-15_181516:820,-0.8571780000000001,0.027435,-0.034546,-0.09128,0.002757,0.019752000000000002,-46.25,8.68,13.56,1a
2019-07-15_181516:840,-0.670593,-0.025421,-0.191162,-0.107607,-0.005818,0.029976,-46.25,8.68,13.56,1a
2019-07-15_181516:860,-0.44384799999999996,-0.010162000000000001,-0.11795,-0.12487999999999999,-0.00179,0.038093,-46.25,9.75,12.75,1a
2019-07-15_181516:880,-0.507904,-0.038116000000000004,-0.09454299999999999,-0.126681,0.010722,0.037025,-46.25,9.75,12.75,1a
2019-07-15_181516:900,-0.737701,-0.044219999999999995,-0.149963,-0.112917,0.00822,0.014503,-45.18,12.68,11.56,1a
2019-07-15_181516:920,-0.562286,-0.028961,-0.142853,-0.10431099999999999,0.000621,-0.013543000000000001,-45.18,12.68,11.56,1a
2019-07-15_181516:940,-0.582123,-0.013702,-0.128113,-0.088961,-0.008626,-0.029778,-45.18,12.68,11.56,1a
2019-07-15_181516:960,-0.5795899999999999,0.000488,-0.152008,-0.077822,-0.017963999999999997,-0.028007999999999998,-45.560001,14.18,10.06,1a
2019-07-15_181516:980,-0.515533,-0.011687999999999999,-0.141846,-0.06714099999999999,-0.019551,-0.012719,-45.560001,14.18,10.06,1a
2019-07-15_181517:000,-0.404694,-0.009125,-0.128601,-0.055117,-0.017842,-0.008934000000000001,-45.869999,14.56,10.06,1a
2019-07-15_181517:020,-0.35739099999999996,-0.008636,-0.10928299999999999,-0.041842000000000004,-0.012318,-0.007836,-45.869999,14.56,10.06,1a
2019-07-15_181517:040,-0.29995700000000003,-0.017273,-0.09301799999999999,-0.02878,-0.0037119999999999996,-0.0008470000000000001,-45.869999,14.56,10.06,1a
2019-07-15_181517:060,-0.275055,-0.026427999999999997,-0.07928500000000001,-0.019747,0.005107,0.007026,-46.25,14.56,9.25,1a
2019-07-15_181517:080,-0.263855,-0.046752999999999996,-0.065063,-0.012362,0.013011000000000002,0.01725,-46.25,14.56,9.25,1a
2019-07-15_181517:100,-0.266388,-0.067596,-0.057434000000000006,-0.004427,0.019756,0.027259,-46.25,14.5,8.5,1a
2019-07-15_181517:120,-0.28979499999999997,-0.100647,-0.040649,0.003782,0.025127,0.031715,-46.25,14.5,8.5,1a
2019-07-15_181517:140,-0.344696,-0.12200899999999999,-0.028961,0.014799000000000001,0.029918,0.034431,-46.25,14.5,8.5,1a
2019-07-15_181517:160,-0.399597,-0.133179,-0.034058,0.029019999999999997,0.034557,0.033973,-44.869999,15.56,9.56,1a
2019-07-15_181517:180,-0.401123,-0.131653,-0.030487,0.0426,0.038738,0.029792000000000003,-44.869999,15.56,9.56,1a
2019-07-15_181517:200,-0.46670500000000004,-0.12149000000000001,-0.037108999999999996,0.062345000000000005,0.040080000000000005,0.017981999999999998,-44.060001,16.68,10.75,1a
2019-07-15_181517:220,-0.504333,-0.112854,-0.039642000000000004,0.068632,0.039133999999999995,0.012123,-44.060001,16.68,10.75,1a
2019-07-15_181517:240,-0.615173,-0.08996599999999999,-0.016753999999999998,0.08434900000000001,0.03416,-0.010399,-44.060001,16.68,10.75,1a
2019-07-15_181517:260,-0.610596,-0.055908000000000006,-0.051330999999999995,0.091551,0.029186,-0.015648,-43.68,17.370001000000002,14.75,1a
2019-07-15_181517:280,-0.5348510000000001,-0.043213,-0.044219999999999995,0.096586,0.021892,-0.02575,-43.68,17.370001000000002,14.75,1a
2019-07-15_181517:300,0.835205,-0.051330999999999995,0.06149299999999999,0.099302,0.014049,-0.039757,-43.060001,15.87,16.0,1a
2019-07-15_181517:320,-0.709229,-0.006072999999999999,-0.118958,0.094175,0.003124,-0.02932,-43.060001,15.87,16.0,1a
2019-07-15_181517:340,-0.462646,-0.019318000000000002,-0.013702,0.086363,0.024211,-0.043938,-43.060001,15.87,16.0,1a
2019-07-15_181517:360,-0.644165,0.002014,-0.038116000000000004,0.077513,0.028727999999999997,-0.031456,-43.060001,12.5,18.370001000000002,1a
2019-07-15_181517:380,-0.6838069999999999,-0.029480000000000003,-0.060486,0.068235,0.028606,0.010749,-43.060001,12.5,18.370001000000002,1a
2019-07-15_181517:400,-0.514496,-0.07421900000000001,-0.07421900000000001,0.058225,0.011607,0.017830000000000002,-42.0,10.0,20.370001000000002,1a
2019-07-15_181517:420,-0.44638100000000003,-0.081329,-0.084381,0.05694400000000001,-0.013996999999999999,0.0075450000000000005,-42.0,10.0,20.370001000000002,1a
2019-07-15_181517:440,-0.41586300000000004,-0.074738,-0.10928299999999999,0.059202,-0.038533,-0.000725,-42.0,10.0,20.370001000000002,1a
2019-07-15_181517:460,-0.412811,-0.07016,-0.10675,0.05853099999999999,-0.052235000000000004,-0.007561,-41.68,8.87,22.370001000000002,1a
2019-07-15_181517:480,-0.402649,-0.056915,-0.109802,0.058927,-0.0519,-0.015648,-41.68,8.87,22.370001000000002,1a
2019-07-15_181517:500,-0.36654699999999996,-0.048798,-0.108276,0.059660000000000005,-0.041280000000000004,-0.027916000000000003,-42.060001,6.68,20.75,1a
2019-07-15_181517:520,-0.32843,-0.047272,-0.102173,0.063261,-0.027791000000000003,-0.040795,-42.060001,6.68,20.75,1a
2019-07-15_181517:540,-0.314178,-0.048798,-0.104218,0.072019,-0.014180000000000002,-0.047844,-42.060001,6.68,20.75,1a
2019-07-15_181517:560,-0.29995700000000003,-0.057953,-0.112854,0.084898,-0.00298,-0.051293,-42.369999,4.37,20.5,1a
2019-07-15_181517:580,-0.274017,-0.055908000000000006,-0.117432,0.100553,0.006236,-0.05123200000000001,-42.369999,4.37,20.5,1a
2019-07-15_181517:600,-0.28064,-0.057953,-0.115906,0.11749100000000001,0.012523000000000001,-0.04699,-42.369999,1.06,19.25,1a
2019-07-15_181517:620,-0.322845,-0.071686,-0.128601,0.137205,0.015269999999999999,-0.040856,-42.369999,1.06,19.25,1a
2019-07-15_181517:640,-0.37316900000000003,-0.09454299999999999,-0.157593,0.160154,0.017772,-0.03405,-42.369999,1.06,19.25,1a
2019-07-15_181517:660,-0.399109,-0.09201000000000001,-0.170807,0.184995,0.019847,-0.026482,-42.75,-3.37,19.25,1a
2019-07-15_181517:680,-0.5119630000000001,-0.069641,-0.17538499999999999,0.205686,0.019053999999999998,-0.017296000000000002,-42.75,-3.37,19.25,1a
2019-07-15_181517:700,-0.576019,-0.058441,-0.19165,0.220579,0.016978,-0.007744,-41.75,-7.06,19.25,1a
2019-07-15_181517:720,-0.615173,-0.048798,-0.17337,0.22778099999999998,0.017894,0.001167,-41.75,-7.06,19.25,1a
2019-07-15_181517:740,-0.628387,-0.044739,-0.164703,0.22997800000000002,0.022228,0.008735,-41.75,-7.06,19.25,1a
2019-07-15_181517:760,-0.710754,-0.046265,-0.137756,0.22833,0.028513999999999998,0.010353,-41.0,-11.06,19.25,1a
2019-07-15_181517:780,-0.633484,-0.032013,-0.1586,0.22427199999999997,0.03477,-0.002098,-41.0,-11.06,19.25,1a
2019-07-15_181517:800,-0.557739,0.018799,-0.097595,0.211088,0.043315,-0.014916,-40.25,-14.75,16.059998999999998,1a
2019-07-15_181517:820,-0.48553500000000005,0.040161,-0.099121,0.195402,0.045238,-0.026268,-40.25,-14.75,16.059998999999998,1a
2019-07-15_181517:840,-0.574005,0.050323,-0.085388,0.177275,0.033122000000000006,-0.035424000000000004,-40.25,-14.75,16.059998999999998,1a
2019-07-15_181517:860,-0.535339,0.060486,-0.11538699999999999,0.16280899999999998,0.010753,-0.035759,-39.18,-18.5,13.68,1a
2019-07-15_181517:880,-0.5983890000000001,0.052338,-0.095062,0.149626,-0.011525,-0.021965000000000002,-39.18,-18.5,13.68,1a
2019-07-15_181517:900,-0.634491,0.03302,-0.11795,0.140776,-0.026813999999999998,-0.011528,-38.369999,-22.25,11.68,1a
2019-07-15_181517:920,-0.607544,0.042175,-0.108795,0.130216,-0.03011,-0.002648,-38.369999,-22.25,11.68,1a
2019-07-15_181517:940,-0.610596,0.032013,-0.104706,0.120146,-0.022481,0.012336,-38.369999,-22.25,11.68,1a
2019-07-15_181517:960,-0.5495909999999999,0.011687999999999999,-0.076752,0.10680899999999999,-0.006703,0.00962,-38.5,-25.25,7.5,1a
2019-07-15_181517:980,-0.510437,0.001495,-0.047791,0.093199,0.010326,-0.004631000000000001,-38.5,-25.25,7.5,1a
2019-07-15_181518:000,-0.432648,-0.024902,-0.020844,0.082975,0.022959999999999998,-0.017235,-38.5,-24.75,3.5,1a
2019-07-15_181518:020,-0.381805,-0.041168,-0.010162000000000001,0.077329,0.028331,-0.027275,-38.5,-24.75,3.5,1a
2019-07-15_181518:040,-0.35180700000000004,-0.047272,-0.001007,0.07794,0.02534,-0.026787000000000002,-38.5,-24.75,3.5,1a
2019-07-15_181518:060,-0.36248800000000003,-0.041168,-0.011169,0.083647,0.016521,-0.021233000000000002,-37.0,-26.0,2.37,1a
2019-07-15_181518:080,-0.36044299999999996,-0.025421,-0.01828,0.088133,0.005779,-0.019707,-37.0,-26.0,2.37,1a
2019-07-15_181518:100,-0.34570300000000004,-0.013213999999999998,-0.029968,0.090147,-0.0037119999999999996,-0.015038,-37.060001,-27.059998999999998,-0.25,1a
2019-07-15_181518:120,-0.382812,-0.015228,-0.030487,0.089475,-0.009358,-0.006279,-37.060001,-27.059998999999998,-0.25,1a
2019-07-15_181518:140,-0.44384799999999996,-0.020844,-0.057434000000000006,0.08895700000000001,-0.012379000000000001,-0.0008470000000000001,-37.060001,-27.059998999999998,-0.25,1a
2019-07-15_181518:160,-0.414337,-0.01828,-0.052338,0.08541699999999999,-0.009206,-0.0023120000000000003,-36.0,-27.059998999999998,-0.68,1a
2019-07-15_181518:180,-0.399109,-0.025421,-0.050842,0.08151,-0.003621,-0.0012439999999999999,-36.0,-27.059998999999998,-0.68,1a
2019-07-15_181518:200,-0.44384799999999996,-0.039642000000000004,-0.053863999999999995,0.07824500000000001,0.002513,-0.003228,-35.18,-27.059998999999998,-4.68,1a
2019-07-15_181518:220,-0.567383,-0.050842,-0.037598,0.075865,0.006023,-0.009331,-35.18,-27.059998999999998,-4.68,1a
2019-07-15_181518:240,-0.59433,-0.056915,-0.056427,0.078398,0.005168,-0.012931999999999999,-35.18,-27.059998999999998,-4.68,1a
2019-07-15_181518:260,-0.5770569999999999,-0.061005,-0.059479,0.077452,0.002239,-0.011009999999999999,-35.18,-26.370001000000002,-6.18,1a
2019-07-15_181518:280,-0.5658569999999999,-0.06405599999999999,-0.062012,0.079252,-0.0008439999999999999,-0.006951000000000001,-35.18,-26.370001000000002,-6.18,1a
2019-07-15_181518:300,-0.615692,-0.07421900000000001,-0.045226999999999996,0.078855,0.00016299999999999998,-0.01162,-34.5,-26.0,-7.87,1a
2019-07-15_181518:320,-0.658905,-0.083862,-0.043701,0.08016799999999999,0.0042829999999999995,-0.015862,-34.5,-26.0,-7.87,1a
2019-07-15_181518:340,-0.650269,-0.098633,-0.023375999999999997,0.079862,0.011852,-0.013115,-34.5,-26.0,-7.87,1a
2019-07-15_181518:360,-0.625854,-0.107269,-0.017273,0.07760399999999999,0.019359,-0.001397,-34.5,-26.370001000000002,-9.5,1a
2019-07-15_181518:380,-0.56485,-0.118958,-0.020844,0.07207999999999999,0.023143,0.014594999999999999,-34.5,-26.370001000000002,-9.5,1a
2019-07-15_181518:400,-0.52774,-0.12506099999999998,-0.029480000000000003,0.06530599999999999,0.022563,0.023231,-34.5,-25.25,-12.25,1a
2019-07-15_181518:420,-0.420441,-0.12506099999999998,-0.040161,0.056486,0.020763,0.018684,-34.5,-25.25,-12.25,1a
2019-07-15_181518:440,-0.370636,-0.124054,-0.044219999999999995,0.046812,0.016307,0.011848000000000001,-34.5,-25.25,-12.25,1a
2019-07-15_181518:460,-0.34875500000000004,-0.135223,-0.06405599999999999,0.039701,0.007304000000000001,0.010322,-34.75,-23.370001000000002,-12.68,1a
2019-07-15_181518:480,-0.346222,-0.137268,-0.071686,0.033262,-0.0024920000000000003,0.003517,-34.75,-23.370001000000002,-12.68,1a
2019-07-15_181518:500,-0.36706500000000003,-0.12048299999999999,-0.082855,0.028227,-0.011678000000000001,-0.003167,-35.18,-23.059998999999998,-13.87,1a
2019-07-15_181518:520,-0.391968,-0.10928299999999999,-0.07928500000000001,0.024626,-0.018086,-0.006096,-35.18,-23.059998999999998,-13.87,1a
2019-07-15_181518:540,-0.455017,-0.08843999999999999,-0.07421900000000001,0.021299000000000002,-0.019154,-0.008294,-35.18,-23.059998999999998,-13.87,1a
2019-07-15_181518:560,-0.465179,-0.077271,-0.065582,0.018705,-0.014333000000000002,-0.008355,-35.560001,-22.68,-14.25,1a
2019-07-15_181518:580,-0.475372,-0.069641,-0.07016,0.016722,-0.006703,-0.007836,-35.560001,-22.68,-14.25,1a
2019-07-15_181518:600,-0.492645,-0.063538,-0.066589,0.015409,7.2e-05,-0.009758,-34.75,-23.059998999999998,-15.87,1a
2019-07-15_181518:620,-0.47689799999999993,-0.051330999999999995,-0.065582,0.013028999999999999,0.004649,-0.009484000000000001,-34.75,-23.059998999999998,-15.87,1a
2019-07-15_181518:640,-0.474854,-0.05285599999999999,-0.073212,0.009306,0.003703,-0.003319,-34.75,-23.059998999999998,-15.87,1a
2019-07-15_181518:660,-0.48043800000000003,-0.058441,-0.077271,0.004728,-0.000508,0.002388,-34.75,-22.25,-15.37,1a
2019-07-15_181518:680,-0.49468999999999996,-0.06405599999999999,-0.076263,-0.000277,-0.004811,0.0063549999999999995,-34.75,-22.25,-15.37,1a
2019-07-15_181518:700,-0.508911,-0.076752,-0.074738,-0.005129,-0.006703,0.010475,-34.75,-23.370001000000002,-16.25,1a
2019-07-15_181518:720,-0.533844,-0.08843999999999999,-0.076752,-0.010714,-0.005574,0.015907,-34.75,-23.370001000000002,-16.25,1a
2019-07-15_181518:740,-0.554688,-0.104218,-0.075226,-0.015016999999999999,-0.002156,0.022285,-34.75,-23.370001000000002,-16.25,1a
2019-07-15_181518:760,-0.5348510000000001,-0.108276,-0.078278,-0.017672,0.0019030000000000002,0.02732,-34.75,-22.68,-15.87,1a
2019-07-15_181518:780,-0.490601,-0.100159,-0.08081100000000001,-0.019808000000000003,0.004833,0.028724,-34.75,-22.68,-15.87,1a
2019-07-15_181518:800,-0.45553599999999994,-0.095062,-0.076263,-0.021792,0.006145,0.030647000000000004,-35.560001,-21.559998999999998,-16.25,1a
2019-07-15_181518:820,-0.767181,-0.099121,-0.023375999999999997,-0.021792,0.004222,0.034217000000000004,-35.560001,-21.559998999999998,-16.25,1a
2019-07-15_181518:840,-0.5134890000000001,-0.115906,-0.077271,-0.021943999999999998,0.005626,0.043647000000000005,-35.560001,-21.559998999999998,-16.25,1a
2019-07-15_181518:860,-0.5343319999999999,-0.138794,-0.049805,-0.014100999999999999,0.005686999999999999,0.037025,-35.560001,-22.25,-14.68,1a
2019-07-15_181518:880,-0.49517799999999995,-0.106232,-0.075745,-0.002932,0.004954999999999999,0.014656,-35.560001,-22.25,-14.68,1a
2019-07-15_181518:900,-0.658905,-0.05996699999999999,-0.006072999999999999,0.007383,0.006145,0.004554,-37.68,-20.75,-13.37,1a
2019-07-15_181518:920,-0.728546,-0.027435,-0.034058,0.016722,0.00822,-0.002587,-37.68,-20.75,-13.37,1a
2019-07-15_181518:940,-0.624329,0.025421,-0.007111,0.022642,0.012248,-0.021508000000000003,-37.68,-20.75,-13.37,1a
2019-07-15_181518:960,-0.567383,0.0849,-0.018799,0.027219999999999998,0.010997,-0.03582,-38.75,-20.370001000000002,-15.37,1a
2019-07-15_181518:980,-0.514496,0.128113,-0.013702,0.025693999999999998,0.009349,-0.029473000000000003,-38.75,-20.370001000000002,-15.37,1a
2019-07-15_181519:000,-0.460114,0.143372,-0.012695,0.020231,0.008678,-0.016777,-38.060001,-20.75,-15.87,1a
2019-07-15_181519:020,-0.374695,0.152527,-0.019806,0.011747,0.007213,-0.005944,-38.060001,-20.75,-15.87,1a
2019-07-15_181519:040,-0.320282,0.137268,-0.03302,0.002073,0.0041,0.004219,-38.060001,-20.75,-15.87,1a
2019-07-15_181519:060,-0.293854,0.111847,-0.03302,-0.008516,-0.00011100000000000001,0.012123,-38.5,-20.370001000000002,-14.68,1a
2019-07-15_181519:080,-0.335541,0.0849,-0.025908999999999998,-0.019076,-0.002583,0.02256,-38.5,-20.370001000000002,-14.68,1a
2019-07-15_181519:100,-0.384857,0.049316000000000006,-0.01828,-0.027163,-0.000233,0.032112,-39.18,-20.370001000000002,-15.87,1a
2019-07-15_181519:120,-0.384857,0.038635,-0.017792,-0.034395,0.003246,0.034614,-39.18,-20.370001000000002,-15.87,1a
2019-07-15_181519:140,-0.382324,0.032532,-0.021851,-0.040376999999999996,0.0035810000000000004,0.033821,-39.18,-20.370001000000002,-15.87,1a
2019-07-15_181519:160,-0.389435,0.027954000000000003,-0.028961,-0.046816,0.0024519999999999998,0.031439999999999996,-39.869999,-19.68,-14.25,1a
2019-07-15_181519:180,-0.420959,0.018799,-0.028961,-0.051942999999999996,-0.000264,0.028114,-39.869999,-19.68,-14.25,1a
2019-07-15_181519:200,-0.447388,0.017792,-0.03302,-0.053529999999999994,-0.004231,0.022102,-39.869999,-19.25,-14.25,1a
2019-07-15_181519:220,-0.48196400000000006,0.008118,-0.031006,-0.053988,-0.0074659999999999995,0.012733,-39.869999,-19.25,-14.25,1a
2019-07-15_181519:240,-0.505371,0.0055850000000000006,-0.028961,-0.049624,-0.006703,0.004829,-39.869999,-19.25,-14.25,1a
2019-07-15_181519:260,-0.5495909999999999,0.010651,-0.030487,-0.042513,-0.002309,-0.000634,-41.369999,-19.25,-13.06,1a
2019-07-15_181519:280,-0.574493,0.019318000000000002,-0.031006,-0.035738,0.002116,-0.0033799999999999998,-41.369999,-19.25,-13.06,1a
2019-07-15_181519:300,-0.58316,0.026427999999999997,-0.040649,-0.030244999999999998,0.003978,-0.004509,-39.869999,-20.059998999999998,-13.37,1a
2019-07-15_181519:320,-0.5734859999999999,0.029968,-0.048798,-0.028719,0.0035810000000000004,-0.0013050000000000002,-39.869999,-20.059998999999998,-13.37,1a
2019-07-15_181519:340,-0.562286,0.022858,-0.043701,-0.029116000000000003,0.006175,0.008339,-39.869999,-20.059998999999998,-13.37,1a
2019-07-15_181519:360,-0.8078609999999999,0.014221000000000001,0.019318000000000002,-0.032107,0.010143000000000001,0.013465000000000001,-41.0,-20.370001000000002,-11.87,1a
2019-07-15_181519:380,-0.551636,-0.020325,-0.133698,-0.044039,0.003032,0.024391,-41.0,-20.370001000000002,-11.87,1a
2019-07-15_181519:400,-0.451477,-0.048279,-0.020325,-0.053194000000000005,0.013805000000000001,0.022285,-41.0,-20.75,-10.68,1a
2019-07-15_181519:420,-0.488068,-0.042175,-0.095581,-0.055514,0.014537000000000001,0.02787,-41.0,-20.75,-10.68,1a
2019-07-15_181519:440,-0.49926800000000005,-0.083374,-0.078796,-0.05871799999999999,0.01942,0.045112,-41.0,-20.75,-10.68,1a
2019-07-15_181519:460,-0.46926899999999994,-0.081329,-0.11080899999999999,-0.06534,0.007670999999999999,0.036689,-41.68,-20.059998999999998,-11.06,1a
2019-07-15_181519:480,-0.45196499999999995,-0.071167,-0.111328,-0.06778200000000001,-0.009022,0.025337000000000002,-41.68,-20.059998999999998,-11.06,1a
2019-07-15_181519:500,-0.50943,-0.051849,-0.121002,-0.068728,-0.02242,0.015327,-42.369999,-18.870001000000002,-8.68,1a
2019-07-15_181519:520,-0.52417,-0.022369,-0.12454200000000001,-0.072725,-0.027393999999999998,0.007484,-42.369999,-18.870001000000002,-8.68,1a
2019-07-15_181519:540,-0.529755,-0.025421,-0.142853,-0.077547,-0.029042000000000002,0.00251,-42.369999,-18.870001000000002,-8.68,1a
2019-07-15_181519:560,-0.492645,-0.025908999999999998,-0.131653,-0.078493,-0.023334999999999998,-0.004174000000000001,-42.369999,-17.870001000000002,-9.06,1a
2019-07-15_181519:580,-0.46670500000000004,-0.023375999999999997,-0.12658699999999998,-0.07342699999999999,-0.015767,-0.006768000000000001,-42.369999,-17.870001000000002,-9.06,1a
2019-07-15_181519:600,-0.42858900000000005,-0.010162000000000001,-0.09963999999999999,-0.06488200000000001,-0.006764,-0.004296,-42.5,-19.25,-7.5,1a
2019-07-15_181519:620,-0.42453,0.010162000000000001,-0.08996599999999999,-0.056856,-5e-05,-0.00216,-42.5,-19.25,-7.5,1a
2019-07-15_181519:640,-0.393494,0.024384,-0.07421900000000001,-0.05292,0.004375,0.006934999999999999,-42.5,-19.25,-7.5,1a
2019-07-15_181519:660,-0.384857,0.023375999999999997,-0.065063,-0.050356,0.006418999999999999,0.016243,-42.369999,-19.25,-9.5,1a
2019-07-15_181519:680,-0.367584,0.022858,-0.065582,-0.051058,0.006541,0.017189,-42.369999,-19.25,-9.5,1a
2019-07-15_181519:700,-0.377747,0.019806,-0.0737,-0.052003999999999995,0.0036420000000000003,0.018501,-42.18,-19.68,-6.25,1a
2019-07-15_181519:720,-0.394531,0.007111,-0.083862,-0.054537,-0.00011100000000000001,0.019447,-42.18,-19.68,-6.25,1a
2019-07-15_181519:740,-0.390961,-0.0055850000000000006,-0.081848,-0.05719199999999999,-0.001912,0.017494,-42.18,-19.68,-6.25,1a
2019-07-15_181519:760,-0.460114,-0.01828,-0.09149199999999999,-0.058442999999999995,-0.002187,0.015387999999999999,-42.5,-19.68,-5.5,1a
2019-07-15_181519:780,-0.514008,-0.033539,-0.08081100000000001,-0.060578999999999994,-0.00124,0.017311,-42.5,-19.68,-5.5,1a
2019-07-15_181519:800,-0.52417,-0.042175,-0.09454299999999999,-0.062624,-0.000386,0.019569,-43.25,-18.870001000000002,-5.87,1a
2019-07-15_181519:820,-0.538391,-0.05285599999999999,-0.09963999999999999,-0.06473,-0.0034990000000000004,0.022499,-43.25,-18.870001000000002,-5.87,1a
2019-07-15_181519:840,-0.48706099999999997,-0.071167,-0.10928299999999999,-0.06534,-0.007069,0.021278000000000002,-43.25,-18.870001000000002,-5.87,1a
2019-07-15_181519:860,-0.5419619999999999,-0.066071,-0.105743,-0.063692,-0.011922,0.016426,-42.869999,-18.18,-4.25,1a
2019-07-15_181519:880,-0.669067,-0.058960000000000005,-0.126068,-0.060976,-0.019368,0.017189,-42.869999,-18.18,-4.25,1a
2019-07-15_181519:900,-0.545532,-0.06253099999999999,-0.159119,-0.061220000000000004,-0.028523000000000003,0.017981999999999998,-43.68,-17.5,-3.87,1a
2019-07-15_181519:920,-0.508423,-0.028442000000000002,-0.102692,-0.061770000000000005,-0.024738999999999997,0.015266,-43.68,-17.5,-3.87,1a
2019-07-15_181519:940,-0.497742,-0.0055850000000000006,-0.12301600000000001,-0.058565,-0.013996999999999999,0.017311,-43.68,-17.5,-3.87,1a
2019-07-15_181519:960,-0.522644,0.022858,-0.12048299999999999,-0.057711,-0.005482,0.013923,-43.25,-17.059998999999998,-4.25,1a
2019-07-15_181519:980,-0.518066,0.037108999999999996,-0.134705,-0.059694000000000004,-0.0072829999999999995,0.001167,-43.25,-17.059998999999998,-4.25,1a
2019-07-15_181520:000,-0.5048520000000001,0.040649,-0.130127,-0.06002999999999999,-0.010854,-0.00515,-44.369999,-17.059998999999998,-3.87,1a
2019-07-15_181520:020,-0.506897,0.041168,-0.150482,-0.05865700000000001,-0.015767,-0.005974,-44.369999,-17.059998999999998,-3.87,1a
2019-07-15_181520:040,-0.45095799999999997,0.030487,-0.158112,-0.056916999999999995,-0.021687,-0.00158,-44.369999,-17.059998999999998,-3.87,1a
2019-07-15_181520:060,-0.43823199999999995,0.035583,-0.16217,-0.053194000000000005,-0.026479000000000003,0.002693,-43.68,-16.75,-3.5,1a
2019-07-15_181520:080,-0.45806899999999995,0.031494,-0.160645,-0.049013,-0.029377999999999998,0.004158,-43.68,-16.75,-3.5,1a
2019-07-15_181520:100,-0.435699,0.029480000000000003,-0.156067,-0.04471,-0.027943,0.001838,-44.0,-17.75,-4.25,1a
2019-07-15_181520:120,-0.40774499999999997,0.024902,-0.152008,-0.040774,-0.023549,-0.00158,-44.0,-17.75,-4.25,1a
2019-07-15_181520:140,-0.376221,0.024384,-0.151489,-0.036867000000000004,-0.017781,-0.001183,-44.0,-17.75,-4.25,1a
2019-07-15_181520:160,-0.364532,0.025421,-0.156586,-0.033083,-0.016590999999999998,0.00251,-43.25,-17.059998999999998,-4.25,1a
2019-07-15_181520:180,-0.394531,0.031494,-0.158112,-0.030764,-0.0183,0.004554,-43.25,-17.059998999999998,-4.25,1a
2019-07-15_181520:200,-0.411285,0.034058,-0.163696,-0.02997,-0.017232,0.008491,-43.25,-17.5,-4.68,1a
2019-07-15_181520:220,-0.401123,0.033539,-0.156586,-0.029635,-0.013905,0.01139,-43.25,-17.5,-4.68,1a
2019-07-15_181520:240,-0.402649,0.037108999999999996,-0.151001,-0.030581,-0.009937999999999999,0.010322,-43.25,-17.5,-4.68,1a
2019-07-15_181520:260,-0.420959,0.037108999999999996,-0.15506,-0.031374,-0.009419,0.008491,-43.369999,-17.059998999999998,-4.25,1a
2019-07-15_181520:280,-0.432159,0.03302,-0.18096900000000002,-0.032229,-0.013661000000000001,0.005012,-43.369999,-17.059998999999998,-4.25,1a
2019-07-15_181520:300,-0.440796,0.029968,-0.18454,-0.032473,-0.020283000000000002,0.000984,-42.869999,-17.059998999999998,-4.68,1a
2019-07-15_181520:320,-0.474854,0.03302,-0.21859699999999999,-0.030244999999999998,-0.025075,-0.000267,-42.869999,-17.059998999999998,-4.68,1a
2019-07-15_181520:340,-0.461639,0.036072,-0.241486,-0.027498,-0.030170999999999996,-0.000328,-42.869999,-17.059998999999998,-4.68,1a
2019-07-15_181520:360,-0.501801,0.034546,-0.256744,-0.024996,-0.034108,-0.00158,-42.5,-18.18,-4.68,1a
2019-07-15_181520:380,-0.643646,0.028442000000000002,-0.242493,-0.019076,-0.034688,-0.004113,-42.5,-18.18,-4.68,1a
2019-07-15_181520:400,-0.47995,0.026427999999999997,-0.282166,-0.018343,-0.032429,-0.007561,-42.5,-17.870001000000002,-5.87,1a
2019-07-15_181520:420,-0.528229,0.021851,-0.224701,-0.016024,-0.02599,-0.010613,-42.5,-17.870001000000002,-5.87,1a
2019-07-15_181520:440,-0.45605500000000004,0.011169,-0.28927600000000003,-0.013918,-0.028645,-0.006829000000000001,-42.5,-17.870001000000002,-5.87,1a
2019-07-15_181520:460,-0.46316499999999994,0.000488,-0.274017,-0.011904000000000001,-0.020375,-0.003045,-41.75,-18.18,-6.68,1a
2019-07-15_181520:480,-0.425537,-0.001007,-0.272491,-0.008454999999999999,-0.00948,0.001777,-41.75,-18.18,-6.68,1a
2019-07-15_181520:500,-0.40823400000000004,-0.004547,-0.273529,-0.007204,-0.005757,0.0018989999999999999,-41.75,-19.25,-8.25,1a
2019-07-15_181520:520,-0.374176,-0.012177,-0.259277,-0.007081999999999999,-0.009541,0.000587,-41.75,-19.25,-8.25,1a
2019-07-15_181520:540,-0.392487,-0.010651,-0.2659,-0.008791,-0.016774,0.005958,-41.75,-19.25,-8.25,1a
2019-07-15_181520:560,-0.411285,-0.017792,-0.286224,-0.011323999999999999,-0.023824,0.009193000000000002,-41.060001,-18.18,-9.06,1a
2019-07-15_181520:580,-0.387909,-0.019318000000000002,-0.29943800000000004,-0.013978999999999998,-0.02953,0.0061719999999999995,-41.060001,-18.18,-9.06,1a
2019-07-15_181520:600,-0.404175,-0.025908999999999998,-0.30300900000000003,-0.015016999999999999,-0.031972,0.004219,-41.869999,-19.18,-8.68,1a
2019-07-15_181520:620,-0.44433599999999995,-0.023895,-0.31369,-0.014497999999999999,-0.027943,0.003822,-41.869999,-19.18,-8.68,1a
2019-07-15_181520:640,-0.45605500000000004,-0.008118,-0.321808,-0.015016999999999999,-0.018025,0.004615,-41.869999,-19.18,-8.68,1a
2019-07-15_181520:660,-0.44891400000000004,-0.0030210000000000002,-0.313171,-0.016359000000000002,-0.005971,0.004097,-40.369999,-18.5,-9.87,1a
2019-07-15_181520:680,-0.44027700000000003,0.011687999999999999,-0.305542,-0.019228,0.006938,-0.00011499999999999999,-40.369999,-18.5,-9.87,1a
2019-07-15_181520:700,-0.415375,0.016266,-0.318268,-0.022005,0.018779,-0.004448,-40.75,-18.059998999999998,-10.68,1a
2019-07-15_181520:720,-0.385864,0.014740000000000001,-0.320282,-0.023409,0.024364,-0.007225,-40.75,-18.059998999999998,-10.68,1a
2019-07-15_181520:740,-0.356903,0.015747,-0.31012,-0.023195,0.023357,-0.008629000000000001,-40.75,-18.059998999999998,-10.68,1a
2019-07-15_181520:760,-0.350281,0.019806,-0.298431,-0.022127,0.020213,-0.006431999999999999,-40.75,-18.5,-10.25,1a
2019-07-15_181520:780,-0.386383,0.020325,-0.295898,-0.020723,0.016704,-0.0028309999999999997,-40.75,-18.5,-10.25,1a
2019-07-15_181520:800,-0.370636,0.017273,-0.302002,-0.019137,0.014385,-0.0010609999999999999,-40.75,-19.18,-8.25,1a
2019-07-15_181520:820,-0.368073,0.016753999999999998,-0.296387,-0.016694999999999998,0.010478,-0.002251,-40.75,-19.18,-8.25,1a
2019-07-15_181520:840,-0.388916,0.016266,-0.30300900000000003,-0.014894999999999999,0.0031850000000000003,-0.0034409999999999996,-40.75,-19.18,-8.25,1a
2019-07-15_181520:860,-0.38739,0.020325,-0.305542,-0.013094,-0.0024920000000000003,0.001045,-40.369999,-20.0,-7.06,1a
2019-07-15_181520:880,-0.401642,0.019318000000000002,-0.304535,-0.010927,-0.004903,0.003486,-40.369999,-20.0,-7.06,1a
2019-07-15_181520:900,-0.398071,0.01828,-0.29284699999999997,-0.008912999999999999,-0.004231,0.001167,-40.0,-19.559998999999998,-7.87,1a
2019-07-15_181520:920,-0.40316799999999997,0.018799,-0.290283,-0.0069299999999999995,-0.003773,-0.000512,-40.0,-19.559998999999998,-7.87,1a
2019-07-15_181520:940,-0.391479,0.01828,-0.288269,-0.005678,-0.00298,-0.000786,-40.0,-19.559998999999998,-7.87,1a
2019-07-15_181520:960,-0.375702,0.01828,-0.298431,-0.004397,-0.000325,0.001381,-40.0,-19.559998999999998,-7.5,1a
2019-07-15_181520:980,-0.35791,0.015228,-0.29742399999999997,-0.0028399999999999996,-0.000264,0.000984,-40.0,-19.559998999999998,-7.5,1a
2019-07-15_181521:000,-0.3396,0.017273,-0.304535,-0.001925,-0.002827,-0.000267,-39.560001,-20.25,-8.75,1a
2019-07-15_181521:020,-0.350281,0.020844,-0.30654899999999996,-0.00165,-0.0046890000000000005,0.001045,-39.560001,-20.25,-8.75,1a
2019-07-15_181521:040,-0.36911,0.019806,-0.314178,-0.0022600000000000003,-0.0045060000000000005,0.000587,-39.560001,-20.25,-8.75,1a
2019-07-15_181521:060,-0.374695,0.021332,-0.318268,-0.002779,-0.005025,-0.00023700000000000001,-39.25,-20.25,-8.37,1a
2019-07-15_181521:080,-0.390442,0.023895,-0.324371,-0.002779,-0.006367,0.000404,-39.25,-20.25,-8.37,1a
2019-07-15_181521:100,-0.399597,0.024384,-0.325378,-0.0021079999999999996,-0.006612000000000001,0.000923,-40.0,-20.68,-8.0,1a
2019-07-15_181521:120,-0.41384899999999997,0.026427999999999997,-0.318268,-0.000277,-0.005635,-0.000725,-40.0,-20.68,-8.0,1a
